,id,title,year
0,tt11394180,Dick Johnson Is Dead,2020
1,tt0108041,Sankofa,1993
2,tt5164438,The Starling,2021
3,tt15204288,Confessions of an Invisible Girl,2021
4,tt0139872,Avvai Shanmughi,1996
5,tt0282003,Minsara Kanavu,1997
6,tt1375670,Grown Ups,2010
7,tt2387433,Dark Skies,2013
8,tt1413495,Paranoia,2013
9,tt15250998,Ankahi Kahaniya,2021
10,tt10404944,The Stronghold,2021
11,tt2720826,Birth of the Dragon,2017
12,tt0073195,Jaws,1975
13,tt0077766,Jaws 2,1978
14,tt0093300,Jaws: The Revenge,1987
15,tt1599348,Safe House,2012
16,tt0139654,Training Day,2001
17,tt10521144,Nightbooks,2021
18,tt10322274,Schumacher,2021
19,tt8329618,King of Boys,2018
20,tt7737528,Kate,2021
21,tt15198608,Prey,2021
22,tt15095938,Blood Brothers: Malcolm X & Muhammad Ali,2021
23,tt6127004,Paradise Hills,2019
24,tt5691024,Show Dogs,2018
25,tt15101938,Untold: Breaking Point,2021
26,tt10168094,Shadow Parties,2020
27,tt6167894,Angamaly Diaries,2017
28,tt8009744,Worth,2021
29,tt11742798,Afterlife of the Party,2021
30,tt0109134,Anjaam,1994
31,tt0810784,Bright Star,2009
32,tt4088588,Dhanak,2015
33,tt12789212,Final Account,2021
34,tt4699202,Gurgaon,2017
35,tt0199626,In the Cut,2003
36,tt10930586,Shikara,2020
37,tt0356470,A Cinderella Story,2004
38,tt0350261,An Unfinished Life,2005
39,tt1823672,Chappie,2015
40,tt0109444,Clear and Present Danger,1994
41,tt0106582,Cliffhanger,1993
42,tt0159365,Cold Mountain,2003
43,tt0231402,Crocodile Dundee in Los Angeles,2001
44,tt0989757,Dear John,2010
45,tt0097216,Do the Right Thing,1989
46,tt4382872,Extraction,2015
47,tt0463998,Freedom Writers,2007
48,tt1133985,Green Lantern,2011
49,tt0099800,House Party,1990
50,tt0102065,House Party 2,1991
51,tt0110064,House Party 3,1994
52,tt0131436,I Got the Hook Up,1998
53,tt0160401,In Too Deep,1999
54,tt0439630,Initial D,2005
55,tt0091369,Labyrinth,1986
56,tt0892318,Letters to Juliet,2010
57,tt4006302,Level 16,2018
58,tt0337592,Love Don't Cost a Thing,2003
59,tt1602479,Love in a Puff,2010
60,tt0116996,Mars Attacks!,1996
61,tt5301662,Marshall,2017
62,tt0270980,My Boss's Daughter,2003
63,tt0132347,Mystery Men,1999
64,tt0087843,Once Upon a Time in America,1984
65,tt0409182,Poseidon,2006
66,tt0120014,Rhyme & Reason,1997
67,tt1230168,Same Kind of Different as Me,2017
68,tt0332379,School of Rock,2003
69,tt5073746,Snervous Tyler Oakley,2015
70,tt0314353,Tears of the Sun,2003
71,tt0080453,The Blue Lagoon,1980
72,tt0091129,The Golden Child,1986
73,tt0054953,The Guns of Navarone,1961
74,tt2788710,The Interview,2014
75,tt0117218,The Nutty Professor,1996
76,tt0494652,Welcome Home Roscoe Jenkins,2008
77,tt0107206,In the Line of Fire,1993
78,tt1077097,2 Alone in Paris,2008
79,tt5362988,Wind River,2017
80,tt1170399,C Kkompany,2008
81,tt4590256,He's All That,2021
82,tt0408976,Krishna Cottage,2004
83,tt0348662,Kucch To Hai,2003
84,tt0456500,Kyaa Kool Hai Hum,2005
85,tt5290620,Kyaa Kool Hain Hum 3,2016
86,tt2027138,Kyaa Super Kool Hain Hum,2012
87,tt0297241,Kyo Kii... Main Jhuth Nahin Bolta,2001
88,tt1395054,Once Upon a Time in Mumbaai,2010
89,tt1890513,Ragini MMS,2011
90,tt2609218,Ragini MMS 2,2014
91,tt0811066,Shootout at Lokhandwala,2007
92,tt1954206,The Dirty Picture,2011
93,tt6889042,Count Me In,2021
94,tt15101946,Untold: Caitlyn Jenner,2021
95,tt11657662,The Witcher: Nightmare of the Wolf,2021
96,tt10731768,Sweet Girl,2021
97,tt1758692,Like Crazy,2011
98,tt12881516,Black Island,2021
99,tt0112553,Bombay,1995
100,tt15085784,Memories of a Murderer: The Nilsen Tapes,2021
101,tt4271820,O Kadhal Kanmani,2015
102,tt2463288,Walk of Shame,2014
103,tt0107822,The Piano,1993
104,tt15526612,Unroyal,2020
105,tt10230994,Beckett,2021
106,tt9174358,Monster Hunter: Legends of the Guild,2021
107,tt8857316,Brother Jekwu,2016
108,tt12783454,The Kissing Booth 3,2021
109,tt2058107,The Railway Man,2013
110,tt15085802,Untold: Malice at the Palace,2021
111,tt1441951,Quartet,2012
112,tt13113544,Quam's Money,2020
113,tt6338498,Vivo,2021
114,tt2112124,Chennai Express,2013
115,tt0108291,Tango Feroz,1993
116,tt2385126,'76,2016
117,tt10691162,Aftermath,2021
118,tt0113280,Heavy,1995
119,tt0103786,Beethoven,1992
120,tt0106375,Beethoven's 2nd,1993
121,tt0442933,Beowulf,2007
122,tt3344680,Boyka: Undisputed,2016
123,tt0264464,Catch Me If You Can,2002
124,tt0149261,Deep Blue Sea,1999
125,tt0091042,Ferris Bueller's Day Off,1986
126,tt6472976,Five Feet Apart,2019
127,tt0349467,Freedomland,2006
128,tt0452625,Good Luck Chuck,2007
129,tt1375666,Inception,2010
130,tt0175880,Magnolia,1999
131,tt0110443,Major Payne,1995
132,tt0102492,My Girl,1991
133,tt0110613,My Girl 2,1994
134,tt0910936,Pineapple Express,2008
135,tt5125894,Poms,2019
136,tt0329575,Seabiscuit,2003
137,tt0186566,Space Cowboys,2000
138,tt0372588,Team America: World Police,2004
139,tt1878870,The Edge of Seventeen,2016
140,tt1457765,The Haunting in Connecticut 2: Ghosts of Georgia,2013
141,tt0102266,The Last Boy Scout,1991
142,tt1189340,The Lincoln Lawyer,2011
143,tt0480255,The Losers,2010
144,tt0361862,The Machinist,2004
145,tt0113957,The Net,1995
146,tt0236388,The Original Kings of Comedy,2000
147,tt0817230,Valentine's Day,2010
148,tt9742794,The Vault,2021
149,tt2993406,Eyes of a Thief,2014
150,tt11991748,Rurouni Kenshin: The Beginning,2021
151,tt12808182,The Last Mercenary,2021
152,tt2662230,Flower Girl,2013
153,tt8258074,Fantastic Fungi,2019
154,tt2186731,Department,2012
155,tt10895576,Mimi,2021
156,tt8000718,The Operative,2019
157,tt1853728,Django Unchained,2012
158,tt13920016,African America,2021
159,tt14961160,Bankrolled,2021
160,tt6402468,Blood Red Sky,2021
161,tt13412252,Kingdom: Ashin of the North,2021
162,tt16235600,Chhota Bheem & Krishna: Mayanagari,2011
163,tt6417854,Chhota Bheem Aur Hanuman,2012
164,tt13445916,Sanitation Day,2020
165,tt12851396,Trollhunters: Rise of the Titans,2021
166,tt9165740,Milkwater,2020
167,tt14880258,Deep,2021
168,tt9701942,Fear Street Part 3: 1666,2021
169,tt5592248,The Beguiled,2017
170,tt4572792,The Book of Henry,2017
171,tt1325004,The Twilight Saga: Eclipse,2010
172,tt1259571,The Twilight Saga: New Moon,2009
173,tt1099212,Twilight,2008
174,tt13606090,A Perfect Fit,2021
175,tt14910946,Emicida: AmarElo - Live in São Paulo,2021
176,tt13136084,My Amanda,2021
177,tt10077998,The Unknown Saint,2019
178,tt12877640,A Classic Horror Story,2021
179,tt8368408,Gunpowder Milkshake,2021
180,tt11991786,The Guide to the Perfect Family,2021
181,tt4465572,American Woman,2019
182,tt15149712,Day of Destiny,2021
183,tt3316948,American Ultra,2015
184,tt9701940,Fear Street Part 2: 1978,2021
185,tt13540496,Finding Hubby,2020
186,tt13067004,Last Summer,2021
187,tt5719700,Home Again,2017
188,tt4799066,Midnight Sun,2018
189,tt3164256,Rock the Kasbah,2015
190,tt1430612,Brick Mansions,2014
191,tt7601480,Major Grom: Plague Doctor,2021
192,tt12424356,Mama Drama,2020
193,tt11133472,Three Thieves,2019
194,tt9866736,Rise: Ini Kalilah,2018
195,tt0157132,Ujala,1959
196,tt6566576,Fear Street Part 1: 1994,2021
197,tt1706620,Snowpiercer,2013
198,tt14781176,The 8th Night,2021
199,tt1072748,Winchester,2018
200,tt0118571,Air Force One,1997
201,tt12771540,Audible,2021
202,tt0295178,Austin Powers in Goldmember,2002
203,tt0118655,Austin Powers: International Man of Mystery,1997
204,tt0145660,Austin Powers: The Spy Who Shagged Me,1999
205,tt0118749,Boogie Nights,1997
206,tt0160127,Charlie's Angels,2000
207,tt0112715,Congo,1995
208,tt0106701,Dennis the Menace,1993
209,tt10622410,Dreamy Eyes,2019
210,tt1055292,Life as We Know It,2010
211,tt0397535,Memoirs of a Geisha,2005
212,tt0095631,Midnight Run,1988
213,tt0113855,Mortal Kombat,1995
214,tt4824302,Mother's Day,2016
215,tt1411238,No Strings Attached,2011
216,tt0277371,Not Another Teen Movie,2001
217,tt5690810,Ophelia,2018
218,tt7615302,Red Joan,2019
219,tt0814314,Seven Pounds,2008
220,tt0815236,She's Out of My League,2010
221,tt0184907,Snow Day,2000
222,tt0796366,Star Trek,2009
223,tt0164912,Stuart Little,1999
224,tt8484012,Sword of Trust,2019
225,tt0415306,Talladega Nights: The Ballad of Ricky Bobby,2006
226,tt1440728,The American,2010
227,tt4807408,The Best of Enemies,2019
228,tt0119174,The Game,1997
229,tt0087538,The Karate Kid,1984
230,tt0091326,The Karate Kid Part II,1986
231,tt0289992,The Life of David Gale,2003
232,tt0081071,The Long Riders,1980
233,tt0436697,The Queen,2006
234,tt0482606,The Strangers,2008
235,tt1243957,The Tourist,2010
236,tt0320691,Underworld,2003
237,tt1496025,Underworld: Awakening,2012
238,tt0834001,Underworld: Rise of the Lycans,2009
239,tt0120889,What Dreams May Come,1998
240,tt0123324,Why Do Fools Fall in Love,1998
241,tt7558302,Lying and Stealing,2019
242,tt11460976,Prime Time,2021
243,tt1764234,Killing Them Softly,2012
244,tt8476276,Into the Wind,2018
245,tt3758814,The Ice Road,2021
246,tt8231668,Good on Paper,2021
247,tt14549558,The House of Flowers: The Movie,2021
248,tt0493828,Osuofia in London,2003
249,tt3764686,Love Is a Story,2015
250,tt4733624,Fatherhood,2021
251,tt11831084,Kambili: The Whole 30 Yards,2020
252,tt11809034,Rurouni Kenshin: The Final,2021
253,tt11271990,Ali & Ratu Ratu Queens,2021
254,tt9510082,Aziza,2019
255,tt6670074,Red Snow,2019
256,tt1045658,Silver Linings Playbook,2012
257,tt1366338,Lowriders,2016
258,tt11892916,Security,2021
259,tt1663207,Life of Crime,2013
260,tt0469589,Sir! No Sir!,2005
261,tt9098928,The Reason I Jump,2021
262,tt11906032,Picture a Scientist,2020
263,tt2828996,A Haunted House 2,2014
264,tt2459156,Copenhagen,2014
265,tt10418662,Awake,2021
266,tt3012648,Confusion Na Wa,2013
267,tt12792598,Tragic Jungle,2021
268,tt2368254,A Private War,2018
269,tt11822492,Small Chops,2020
270,tt14599938,Sweet & Sour,2021
271,tt11658120,Xtreme,2021
272,tt13032716,Dancing Queens,2021
273,tt5616176,2 Hearts,2020
274,tt1823059,A Perfect Ending,2012
275,tt0244000,American Outlaws,2001
276,tt1123894,And Then Came Lola,2009
277,tt0185183,Battlefield Earth,2000
278,tt0118742,Bliss,1997
279,tt1466054,Cloudburst,2011
280,tt2555426,Company of Heroes,2013
281,tt0306685,Cradle 2 the Grave,2003
282,tt0249478,Domestic Disturbance,2001
283,tt1117385,Felon,2008
284,tt0817177,Flipped,2010
285,tt0119141,Fools Rush In,1997
286,tt10377292,Gold Statue,2019
287,tt1255916,Hostel: Part III,2011
288,tt0277027,I Am Sam,2001
289,tt0119572,Love Jones,1997
290,tt0405159,Million Dollar Baby,2004
291,tt1978480,Mosquita y Mari,2012
292,tt1754264,Never Back Down 2: The Beatdown,2011
293,tt1186367,Ninja Assassin,2009
294,tt0462482,Population 436,2006
295,tt3776288,Sniper: Legacy,2014
296,tt0335438,Starsky & Hutch,2004
297,tt0088194,Streets of Fire,1984
298,tt14586752,Super Monsters: Once Upon a Rhyme,2021
299,tt0244244,Swordfish,2001
300,tt0082405,The Four Seasons,1981
301,tt1254322,The Girl King,2015
302,tt0373926,The Interpreter,2005
303,tt4501454,The Meddler,2015
304,tt0117057,The Mirror Has Two Faces,1996
305,tt0075029,The Outlaw Josey Wales,1976
306,tt7645780,The Wedding Guest,2018
307,tt8426594,The Wind,2019
308,tt6829180,Welcome Home,2018
309,tt14544192,Bo Burnham: Inside,2021
310,tt14211236,One Lagos Night,2021
311,tt4682786,Collateral Beauty,2016
312,tt7084386,Blue Miracle,2021
313,tt13446126,Ghost Lab,2021
314,tt14025788,Baggio: The Divine Ponytail,2021
315,tt3522136,A Place in the Stars,2014
316,tt2545384,Home,2015
317,tt0993840,Army of the Dead,2021
318,tt13409790,Strain,2020
319,tt1826603,Asmaa,2011
320,tt1517489,Spy Kids: All the Time in the World,2011
321,tt0476884,Taxi No. 9211,2006
322,tt1742334,Sabotage,2014
323,tt5751998,Small Town Crime,2017
324,tt0174852,The Last Days,1998
325,tt11213600,Sardar Ka Grandson,2021
326,tt4573516,Sleight,2016
327,tt9013182,I Am All Girls,2021
328,tt6111574,The Woman in the Window,2021
329,tt0375912,Layer Cake,2004
330,tt6341832,Oxygen,2021
331,tt14928724,Dear Affy,2020
332,tt11604676,Nayattu,2021
333,tt2072233,Sleepless,2017
334,tt10097544,Super Me,2021
335,tt2850272,Monster,2021
336,tt3268850,Unrest,2017
337,tt7716120,And Tomorrow the Entire World,2020
338,tt2101341,Dead Man Down,2013
339,tt6256978,Framing John DeLorean,2019
340,tt6269368,The Clovehitch Killer,2018
341,tt12517908,Aliens Stole My Body,2020
342,tt0096913,Best of the Best,1989
343,tt5794440,Dead Again in Tombstone,2017
344,tt1231583,Due Date,2010
345,tt0947810,Green Zone,2010
346,tt1028532,Hachi: A Dog's Tale,2009
347,tt5460522,JT LeRoy,2018
348,tt0327056,Mystic River,2003
349,tt1023111,Never Back Down,2008
350,tt0111282,Stargate,1994
351,tt0473705,State of Play,2009
352,tt4867110,Swiped,2018
353,tt1093357,The Darkest Hour,2011
354,tt0380510,The Lovely Bones,2009
355,tt0253867,The Sweetest Thing,2002
356,tt0190138,The Whole Nine Yards,2000
357,tt3503406,The Whole Truth,2016
358,tt0105690,Under Siege,1992
359,tt1007028,Zack and Miri Make a Porno,2008
360,tt7979580,The Mitchells vs. The Machines,2021
361,tt1285009,The Strangers: Prey at Night,2018
362,tt1322269,August: Osage County,2014
363,tt1217613,Battle: Los Angeles,2011
364,tt7295450,Between Worlds,2018
365,tt4003066,Deliha,2014
366,tt3347976,Düğün Dernek,2013
367,tt12282600,This Lady Called Life,2020
368,tt0270053,Vizontele,2001
369,tt9203694,Stowaway,2021
370,tt3203290,Free to Play,2014
371,tt4540710,Miss Sloane,2016
372,tt0103671,American Me,1992
373,tt1934231,Delhi Belly,2011
374,tt0473367,Jaane Tu... Ya Jaane Na,2008
375,tt0169102,Lagaan,2001
376,tt1447508,Peepli Live,2010
377,tt0986264,Taare Zameen Par,2007
378,tt14091818,Ajeeb Daastaans,2021
379,tt13454122,Arlo the Alligator Boy,2021
380,tt2554274,Crimson Peak,2015
381,tt2723358,Doctor Bello,2013
382,tt10662234,Into the Beat,2020
383,tt1979320,Rush,2013
384,tt1730768,The Zookeeper's Wife,2017
385,tt4815122,Time Trap,2017
386,tt9271164,Only Mine,2019
387,tt14164234,Ride or Die,2021
388,tt1560747,The Master,2012
389,tt0083365,Zoot Suit,1981
390,tt13598976,The Soul,2021
391,tt9633480,Uppena,2020
392,tt14318430,Why Did You Kill Me?,2021
393,tt10121392,Thunder Force,2021
394,tt14299926,Dolly Parton: A MusiCares Tribute,2021
395,tt11394170,Coded Bias,2020
396,tt13297136,The Fisherman's Diary,2020
397,tt9264728,What Lies Below,2020
398,tt0765446,Escape from Planet Earth,2013
399,tt0384793,Accepted,2006
400,tt9680512,God Calling,2018
401,tt12154638,Just Say Yes,2021
402,tt10307724,Madame Claude,2021
403,tt1024255,Wild Child,2008
404,tt2114504,Woody Woodpecker,2017
405,tt1190080,2012,2009
406,tt1187043,3 Idiots,2009
407,tt2122340,Ferrari Ki Sawaari,2012
408,tt1591095,Insidious,2010
409,tt5595168,Kingsglaive: Final Fantasy XV,2016
410,tt0250494,Legally Blonde,2001
411,tt0117011,Maximum Risk,1996
412,tt0058385,My Fair Lady,1964
413,tt6014472,S.W.A.T.: Under Siege,2017
414,tt5090828,Sniper: Ghost Shooter,2016
415,tt6977240,Starship Troopers: Traitor of Mars,2017
416,tt1135084,Takers,2010
417,tt11668994,Tersanjung the Movie,2021
418,tt10963790,The Knight and the Princess,2019
419,tt0253474,The Pianist,2002
420,tt0814335,The Stepfather,2009
421,tt0176269,Universal Soldier: The Return,1999
422,tt4303010,Wazir,2016
423,tt5635638,White Boy,2017
424,tt1068680,Yes Man,2008
425,tt6938828,At Eternity's Gate,2018
426,tt2304771,Mandela: Long Walk to Freedom,2013
427,tt1212450,Lawless,2012
428,tt11388278,A Week Away,2021
429,tt9684220,Bad Trip,2021
430,tt0159382,Croupier,1998
431,tt11142762,Pagglait,2021
432,tt13932162,Secret Magic Control Agency,2021
433,tt14152756,Seaspiracy,2021
434,tt2431286,Philomena,2013
435,tt9624766,Jiu Jitsu,2020
436,tt7897330,Deadly Illusions,2021
437,tt14111726,Get the Goat,2021
438,tt9387250,Skylines,2020
439,tt3532608,The Fluffy Movie,2014
440,tt2473602,Get on Up,2014
441,tt1615065,Savages,2012
442,tt8704802,The Last Blockbuster,2020
443,tt4324242,Çarsi Pazar,2015
444,tt13045890,Paper Lives,2021
445,tt11829884,Fate of Alakada,2020
446,tt11734264,Sentinelle,2021
447,tt1904996,Parker,2013
448,tt1702439,Safe Haven,2013
449,tt6432466,Moxie,2021
450,tt2883434,Black or White,2014
451,tt11112526,Indoo Ki Jawani,2020
452,tt14058484,Biggie: I Got a Story to Tell,2021
453,tt0099348,Dances with Wolves,1990
454,tt5571754,How to Be Really Bad,2018
455,tt0095953,Rain Man,1988
456,tt0365830,Tenacious D in The Pick of Destiny,2006
457,tt9204164,Bigfoot Family,2021
458,tt3553976,Captain Fantastic,2016
459,tt0442236,Fuga,2006
460,tt1781922,No Escape,2015
461,tt1637706,Our Idiot Brother,2011
462,tt1223975,Tony Manero,2008
463,tt11936782,Geez & Ann,2021
464,tt11994750,Made You Look: A True Story About Fake Art,2020
465,tt13842562,Pelé,2021
466,tt1457767,The Conjuring,2013
467,tt3065204,The Conjuring 2,2016
468,tt12899858,Classmates Minus,2020
469,tt5208252,Operation Finale,2018
470,tt9343754,Eeb Allay Ooo!,2019
471,tt8126390,The Most Unknown,2018
472,tt13853720,Animals on the Loose: A You vs. Wild Movie,2021
473,tt0319020,Awara Paagal Deewana,2002
474,tt4902904,The Resurrection of Gavin Stone,2017
475,tt6997574,"My Teacher, My Obsession",2018
476,tt12423052,Namaste Wahala,2021
477,tt8090564,Monsoon,2020
478,tt10882938,Mundina Nildana,2019
479,tt1211890,Middle of Nowhere,2012
480,tt11307814,Red Dot,2021
481,tt13846542,Squared Love,2021
482,tt1178658,This Is the Life,2008
483,tt13669344,The Misadventures of Hedi and Cokeman,2021
484,tt2005151,War Dogs,2016
485,tt12397078,Little Big Women,2020
486,tt12676326,Malcolm & Marie,2021
487,tt12838766,Space Sweepers,2021
488,tt13787118,"Strip Down, Rise Up",2021
489,tt0118708,Beverly Hills Ninja,1997
490,tt9067182,Rocks,2019
491,tt1130884,Shutter Island,2010
492,tt0200465,The Bank Job,2008
493,tt2197936,Fatima,2020
494,tt1999890,Hell Fest,2018
495,tt9845564,Below Zero,2021
496,tt3661210,The Dig,2021
497,tt13728764,June & Kopi,2021
498,tt13947978,Accomplice,2021
499,tt7268736,Kilometers and Kilometers,2020
500,tt10279104,Hire a Woman,2019
501,tt1458175,The Next Three Days,2010
502,tt6571548,The White Tiger,2021
503,tt8431078,Friendsgiving,2020
504,tt3547306,Cut Throat City,2020
505,tt10303430,Sightless,2020
506,tt2312718,Homefront,2013
507,tt3416532,A Monster Calls,2016
508,tt10451914,Outside the Wire,2021
509,tt9794630,The Vanished,2020
510,tt13866142,Wish You,2021
511,tt13649700,"Crack: Cocaine, Corruption & Conspiracy",2021
512,tt1675434,The Intouchables,2011
513,tt0451631,Apaharan,2005
514,tt0373856,Gangaajal,2003
515,tt11213372,Stuck Apart,2021
516,tt11161474,Pieces of a Woman,2020
517,tt0233856,Hello Brother,1999
518,tt3766424,Bad Grandpa .5,2014
519,tt0795351,Case 39,2009
520,tt11247064,Full Out 2: You Got This!,2020
521,tt1657510,Gimme Shelter,2013
522,tt0119215,Good Burger,1997
523,tt1213585,Good Hair,2009
524,tt0758758,Into the Wild,2007
525,tt0095690,Mystic Pizza,1988
526,tt10338308,The Creative Brain,2019
527,tt13583144,The Minimalists: Less Is Now,2021
528,tt1401152,Unknown,2011
529,tt13667212,What Happened to Mr. Cha?,2021
530,tt0108550,What's Eating Gilbert Grape,1993
531,tt3359290,Bobby Jasoos,2014
532,tt11749980,Tarung Sarung,2020
533,tt13567480,Death to 2020,2020
534,tt7600716,DNA,2020
535,tt11651796,AK vs AK,2020
536,tt10600398,We Can Be Heroes,2020
537,tt10156112,"Hello, Love, Goodbye",2019
538,tt10539608,The Midnight Sky,2020
539,tt10329134,Your Name Engraved Herein,2020
540,tt10362466,After We Collided,2020
541,tt1985017,Atlas Shrugged: Part II,2012
542,tt10054316,Guest House,2020
543,tt10514222,Ma Rainey's Black Bottom,2020
544,tt0863091,Mukhsin,2006
545,tt1351669,Talentime,2009
546,tt13607632,An Unremarkable Christmas,2020
547,tt5001754,Braven,2018
548,nm10640262,Eggnoid: Love & Time Portal,2019
549,tt7127344,Love You to the Stars and Back,2017
550,tt2244376,Bwakaw,2012
551,tt3216348,Incarnate,2016
552,tt4550098,Nocturnal Animals,2016
553,tt13529992,Vir Das: Outside In - The Lockdown Special,2020
554,tt5932728,The Professor and the Madman,2019
555,tt13055780,A California Christmas,2020
556,tt11394338,Giving Voice,2020
557,tt10161886,The Prom,2020
558,tt7805960,Torbaaz,2020
559,tt3264438,She's the One,2013
560,tt11530234,"Kalel, 15",2019
561,tt10287954,Rose Island,2020
562,tt1712261,Triple 9,2016
563,tt8784956,Ava,2020
564,tt13446424,Christmas Crossfire,2020
565,tt11792734,Leyla Everlasting,2020
566,tt10044704,Between Maybes,2019
567,tt7343574,Break,2018
568,tt13354204,Just Another Christmas,2020
569,tt2769454,Must Be... Love,2013
570,tt11692986,Fierce,2020
571,tt2172934,3 Days to Kill,2014
572,tt0808151,Angels & Demons,2009
573,tt2883512,Chef,2014
574,tt6850820,Peppermint,2018
575,tt0102744,Quigley Down Under,1990
576,tt0382625,The Da Vinci Code,2006
577,tt1308728,The Happytime Murders,2018
578,tt11697484,The 2nd,2020
579,tt8741182,Dance Dreams: Hot Chocolate Nutcracker,2020
580,tt10530286,The Beast,2020
581,tt10530176,The Call,2020
582,tt9252468,Mosul,2020
583,tt7686876,Unexpectedly Yours,2017
584,tt6508228,Ghosts of War,2020
585,tt13528990,Shawn Mendes: Live in Concert,2020
586,tt13353508,Dragons: Rescue Riders: Huttsgalor Holiday,2020
587,tt6772802,Hillbilly Elegy,2020
588,tt13353486,Notes for My Son,2020
589,tt13276386,Shawn Mendes: In Wonder,2020
590,tt2002718,Machete Kills,2013
591,tt11332750,Alien Xmas,2020
592,tt0400234,Black Friday,2004
593,tt1729637,Bodyguard,2011
594,tt1578261,Break Ke Baad,2010
595,tt4338154,Hawaizaada,2015
596,tt5662932,Raman Raghav 2.0,2016
597,tt1948150,Singham,2011
598,tt11199410,The Princess Switch: Switched Again,2020
599,tt9248252,Three Words to Forever,2018
600,tt1397492,Well Done Abba,2009
601,tt9140354,Ainu Mosir,2020
602,tt4669986,Loving,2016
603,tt6176928,Whose Streets?,2017
604,tt0047673,White Christmas,1954
605,tt7736496,Jingle Jangle: A Christmas Journey,2020
606,tt10627584,The Life Ahead,2020
607,tt1243381,A Very Special Love,2008
608,tt9060390,First Love,2018
609,tt2334649,Fruitvale Station,2013
610,tt7212754,Ludo,2020
611,tt0926129,Prom Night,2008
612,tt13279528,What We Wanted,2020
613,tt11481312,Citation,2020
614,tt7937168,The Endless Trench,2019
615,tt1588878,The Late Bloomer,2016
616,tt13318052,Midnight at the Magnolia,2020
617,tt2590280,One More Try,2012
618,tt13236566,Operation Christmas Drop,2020
619,tt11199310,Miss India,2020
620,tt5140248,The Beginning of Life,2016
621,tt7946422,Prospect,2018
622,tt4177856,Elliot the Littlest Reindeer,2018
623,tt0097758,Little Monsters,1989
624,tt4560436,Mile 22,2018
625,tt6516314,Piercing,2018
626,tt3774114,Snowden,2016
627,tt1649419,The Impossible,2012
628,tt0110657,The Next Karate Kid,1994
629,tt8508734,His House,2020
630,tt10235600,Kaali Khuhi,2020
631,tt10127684,Rogue City,2020
632,tt5603212,The Day of the Lord,2020
633,tt9866072,Holidate,2020
634,tt11240506,Nobody Sleeps in the Woods Tonight,2020
635,tt13150630,Secrets of the Saqqara Tomb,2020
636,tt13150564,Guillermo Vilas: Settling the Score,2020
637,tt1252596,Ajab Prem Ki Ghazab Kahani,2009
638,tt9185316,I Am Woman,2019
639,tt7488208,Over the Moon,2020
640,tt8678108,Shattered Memories,2018
641,tt6370266,Bending the Arc,2017
642,tt11284280,Cadaver,2020
643,tt8835552,Exes Baggage,2018
644,tt1648186,Fisherman's Friends,2019
645,tt8769032,The Hows of Us,2018
646,tt6866224,The Hummingbird Project,2018
647,tt2235695,Rebecca,2020
648,tt8322060,Tremors: Shrieker Island,2020
649,tt0497335,Bosta,2005
650,tt2552296,Ghadi,2013
651,tt0102058,Out of Life,1991
652,tt0377610,The Kite,2003
653,tt1094275,Under the Bombs,2007
654,tt0448267,Zozo,2005
655,tt8413566,Disconnect,2018
656,tt3608930,In a Valley of Violence,2016
657,tt1070874,The Trial of the Chicago 7,2020
658,tt4844150,A Babysitter's Guide to Monster Hunting,2020
659,tt12217814,Love Like the Falling Rain,2020
660,tt8995696,Rooting for Roona,2020
661,tt0422236,Fida,2004
662,tt13150606,Octonauts & the Great Barrier Reef,2020
663,tt0099429,Dil,1990
664,tt0208903,Disco Dancer,1982
665,tt4333674,Hunterrr,2015
666,tt0419058,Phir Hera Pheri,2006
667,tt0319736,The Legend of Bhagat Singh,2002
668,tt6988208,House of the Witch,2017
669,tt10543680,Ginny Weds Sunny,2020
670,tt10642834,The Forty-Year-Old Version,2020
671,tt13161318,Bigflo & Oli: Hip Hop Frenzy,2020
672,tt10682266,Hubie Halloween,2020
673,tt11497544,Dolly Parton: Here I Am,2019
674,tt11989890,David Attenborough: A Life on Our Planet,2020
675,tt10230414,Serious Men,2020
676,tt10914452,The Binding,2020
677,tt8976576,Vampires vs. the Bronx,2020
678,tt13118012,You've Got This,2020
679,tt1785288,An Ordinary Man,2017
680,tt1124037,Free State of Jones,2016
681,tt9612680,Human Nature,2019
682,tt4698684,Hunt for the Wilderpeople,2016
683,tt0436724,Rize,2005
684,tt3833480,The Outpost,2020
685,tt5952138,We Have Always Lived in the Castle,2018
686,tt12987894,American Murder: The Family Next Door,2020
687,tt10407902,Baxu and the Giants,2019
688,tt8360146,Poacher,2018
689,tt10199914,The Boys in the Band,2020
690,tt3614516,Ankhon Dekhi,2013
691,tt2675978,Dedh Ishqiya,2014
692,tt1092005,Golmaal Returns,2008
693,tt0362771,Ishq Vishk,2003
694,tt1093370,Jab We Met,2007
695,tt0206921,Mann,1999
696,tt0920464,Manorama Six Feet Under,2007
697,tt0488798,Welcome,2007
698,tt4396648,Time Out,2015
699,tt0433035,Real Steel,2011
700,tt7846844,Enola Holmes,2020
701,tt8618654,Kiss the Ground,2020
702,tt10515086,The Blue Elephant 2,2019
703,tt4008758,Black,2015
704,tt3479858,The Royal Bengal Tiger,2014
705,tt11754464,Whipped,2020
706,tt12982218,GIMS: On the Record,2020
707,tt11127690,The Paramedic,2020
708,tt0316188,Raising Victor Vargas,2002
709,tt7819668,Lara and the Beat,2018
710,tt12721188,Dad Wanted,2020
711,tt7867076,Aapla Manus,2018
712,tt8784906,Ani... Dr. Kashinath Ghanekar,2018
713,tt7613166,Dhh,2017
714,tt5323386,Poshter Girl,2016
715,tt11024272,The Babysitter: Killer Queen,2020
716,tt9196192,Cuties,2020
717,tt11827806,So Much Love to Give,2020
718,tt11464826,The Social Dilemma,2020
719,tt10620868,#Alive,2020
720,tt12888462,My Octopus Teacher,2020
721,tt1753866,Toll Booth,2010
722,tt7939766,I'm Thinking of Ending Things,2020
723,tt10217780,Kandasamys: The Wedding,2019
724,tt10888456,The Lost Okoroshi,2019
725,tt4489160,You're My Boss,2015
726,tt11100856,"Love, Guaranteed",2020
727,tt0785006,Hotel for Dogs,2009
728,tt12486200,Sky Tour: The Movie,2020
729,tt6306064,Adrift,2018
730,tt5341036,Always Be My Maybe,2016
731,tt1135985,Sex Drive,2008
732,tt0120157,Soldier,1998
733,tt11060730,Maniyarayile Ashokan,2020
734,tt10933680,The Debt Collector 2,2020
735,tt3155342,All Together Now,2020
736,tt11769162,Santana,2020
737,tt5827790,Unknown Origins,2020
738,tt0138414,Edge of Seventeen,1998
739,tt11242242,The Bridge Curse,2020
740,tt1002563,The Young Messiah,2016
741,tt8943224,Lingua Franca,2019
742,tt12987838,Making The Witcher,2020
743,tt10851618,Rising Phoenix,2020
744,tt10230422,Class of '83,2020
745,tt12536776,Dark Forces,2020
746,tt10888708,The Sleepover,2020
747,tt10915060,The Crimes That Bind,2020
748,tt5037840,Drunk Parents,2019
749,tt10643918,Crazy Awesome Teachers,2020
750,tt1707386,Les Misérables,2012
751,tt1242530,What's Your Raashee?,2009
752,tt8675288,Fearless,2020
753,tt6851966,Nigerian Prince,2018
754,tt7550000,Project Power,2020
755,tt9632590,An Easy Girl,2019
756,tt4666726,Christine,2016
757,tt1790834,Simon Killer,2012
758,tt10350626,Gunjan Saxena: The Kargil Girl,2020
759,tt4257940,The Lost Husband,2020
760,tt10078502,Stars in the Sky: A Hunting Story,2018
761,tt10276470,Work It,2020
762,tt12724622,Anelka: Misunderstood,2020
763,tt11032990,Malibu Rescue: The Next Wave,2020
764,tt2967226,Killing Hasselhoff,2017
765,tt4943322,The Ottoman Lieutenant,2017
766,tt7073710,What Keeps You Alive,2018
767,tt9038290,Latte and the Magic Waterstone,2020
768,tt12567088,Raat Akeli Hai,2020
769,tt11010144,Seriously Single,2020
770,tt7761590,Retablo,2017
771,tt8477336,Shine Your Eyes,2020
772,tt9506474,The Hater,2020
773,tt12038300,The Speed Cubers,2020
774,tt5714802,Project Marathwada,2016
775,tt4155534,Animal Crackers,2020
776,tt12599350,Dragons: Rescue Riders: Secrets of the Songwing,2020
777,tt7304824,Offering to the Storm,2020
778,tt9784456,The Kissing Booth 2,2020
779,tt2076298,Ip Man 4: The Finale,2019
780,tt12187586,Father Soldier Son,2020
781,tt10912990,The Millions,2019
782,tt11057594,Fatal Affair,2020
783,tt7205316,MILF,2018
784,tt8326250,Sylvia,2018
785,tt12588398,We Are One,2020
786,tt7556122,The Old Guard,2020
787,tt11489288,Your Excellency,2019
788,tt11378264,Mucho Mucho Amor: The Legend of Walter Mercado,2020
789,tt4712076,The Long Dumb Road,2018
790,tt2255934,Aiyyaa,2012
791,tt2246595,Blood Money,2012
792,tt2571140,Boss,2013
793,tt2229848,Chashme Baddoor,2013
794,tt4354740,Dharam Sankat Mein,2015
795,tt4430212,Drishyam,2015
796,tt2424988,Gabbar Is Back,2015
797,tt4219300,Gollu Aur Pappu,2014
798,tt2094854,Inkaar,2013
799,tt3001638,Mary Kom,2014
800,tt1906426,Michael,2011
801,tt4045666,Mumbai Delhi Mumbai,2014
802,tt2951576,One by Two,2014
803,tt3984356,Only,2019
804,tt1784589,Players,2012
805,tt4430136,Pyaar Ka Punchnama 2,2015
806,tt3322420,Queen,2014
807,tt1836912,Shaitan,2011
808,tt2377938,Special 26,2013
809,tt1694542,Tanu Weds Manu,2011
810,tt3357416,What the Fish,2013
811,tt1545304,Desperados,2020
812,tt5804038,I Am Not Your Negro,2017
813,tt9616700,Adú,2020
814,tt10655608,David Foster: Off the Record,2019
815,tt0150377,Double Jeopardy,1999
816,tt0486655,Stardust,2007
817,tt0100802,Total Recall,1990
818,tt10941528,Under the Riccione Sun,2020
819,tt1730705,The Mirror Boy,2011
820,tt6043142,Skin,2019
821,tt8580274,Eurovision Song Contest: The Story of Fire Saga,2020
822,tt10887282,Kasanova,2019
823,tt3595298,Prem Ratan Dhan Payo,2015
824,tt0494290,Vivah,2006
825,tt11905462,Athlete A,2020
826,tt12393526,Bulbbul,2020
827,tt10728764,Nobody Knows I'm Here,2020
828,tt11230868,Kappela,2020
829,tt7229730,The Royal Hibiscus Hotel,2017
830,tt11005162,Elevator Baby,2019
831,tt0119629,Destiny,1997
832,tt10714856,Feel the Beat,2020
833,tt10456740,Lost Bullet,2020
834,tt11988512,One-Way to Tomorrow,2020
835,tt6760876,Wasp Network,2020
836,tt0084042,An Egyptian Story,1982
837,tt0051390,Cairo Station,1958
838,tt1726871,Stray Bullet,2010
839,tt6518270,An Evening with Beverly Luff Linn,2018
840,tt1878841,The Darkness,2016
841,tt9856280,The Show Must Go On: The Queen + Adam Lambert Story,2019
842,tt2123342,Underdogs,2013
843,tt10279102,4th Republic,2019
844,tt8011344,Asura Guru,2020
845,tt9777644,Da 5 Bloods,2020
846,tt12357266,Jo Koy: In His Elements,2020
847,tt8328740,Okko's Inn,2018
848,tt9600178,Menahi,2008
849,tt1251757,Middle Men,2009
850,tt1691916,Before I Fall,2017
851,tt10886166,365 Days,2020
852,tt10187680,Forensic,2020
853,tt7979142,The Night Clerk,2020
854,tt3254796,Big Stone Gap,2014
855,tt11651780,Choked: Paisa Bolta Hai,2020
856,tt1552211,The Last Days of American Crime,2020
857,tt4925292,Lady Bird,2017
858,tt6193522,Spelling the Dream,2020
859,tt7981318,Cook Off,2017
860,tt3521126,The Disaster Artist,2017
861,tt0196355,The Other,1999
862,tt12282598,Intuition,2020
863,tt4323594,I'm No Longer Here,2019
864,tt5727208,Uncut Gems,2019
865,tt12539758,Living in Bondage: Breaking Free,2019
866,tt8851668,The Lovebirds,2020
867,tt1666555,Anchor Baby,2010
868,tt1624426,I Will Follow,2010
869,tt9014248,Mutiny of the Worker Bees,2020
870,tt1650844,Escaping Tel Aviv,2009
871,tt2844614,Game Over,2012
872,tt1822275,Omar & Salma 2,2009
873,tt2258858,Wadjda,2012
874,tt0827788,Zaki Chan,2005
875,tt8530796,Light in the Dark,2019
876,tt7583280,Heaven Without People,2017
877,tt7843946,Dilan 1990,2018
878,tt9648942,Dilan 1991,2019
879,tt9877170,Malang,2020
880,tt8541826,The Delivery Boy,2018
881,tt9619798,The Wrong Missy,2020
882,tt1396208,Action Replayy,2010
883,tt0109117,Andaz Apna Apna,1994
884,tt12133722,Have a Good Trip: Adventures in Psychedelics,2020
885,tt10816484,18 Presents,2020
886,tt5314138,Aerials,2016
887,tt12221748,Becoming,2020
888,tt8130558,One Day: Justice Delivered,2019
889,tt7370952,Bennett's War,2019
890,tt2937390,Mike Birbiglia: My Girlfriend's Boyfriend,2013
891,tt8523028,Roped,2020
892,tt8246392,Get In,2019
893,tt12240368,Go! Go! Cory Carson: The Chrissy,2020
894,tt1356790,I Am Divine,2013
895,tt1899240,Material,2012
896,tt10230426,Mrs. Serial Killer,2020
897,tt0408839,The Heartbreak Kid,2007
898,tt0286788,What a Girl Wants,2003
899,tt10183816,Dangerous Lies,2020
900,tt10329566,Rich in Love,2020
901,tt3260524,A Secret Love,2020
902,tt9050898,Murder to Mercy: The Cyntoia Brown Story,2020
903,tt5608972,Bir Baba Hindu,2016
904,tt10023024,Love Aaj Kal,2020
905,tt11199356,Bheeshma,2020
906,tt1655442,The Artist,2011
907,tt5514296,My Stupid Boss,2016
908,tt11777040,Time to Hunt,2020
909,tt10397734,The Set Up,2019
910,tt8743032,The Silence of the Marsh,2019
911,tt5206260,The Willoughbys,2020
912,tt10092752,Earth and Blood,2020
913,tt9806336,Rising High,2020
914,tt8750570,Sergio,2020
915,tt7304802,The Legacy of the Bones,2019
916,tt0475290,"Hail, Caesar!",2016
917,tt3614530,Jem and the Holograms,2015
918,tt3730510,Puerto Ricans in Paris,2015
919,tt10991188,World Famous Lover,2020
920,tt7493184,New Money,2018
921,tt8844480,Moms at War,2018
922,tt6259380,Code 8,2019
923,tt12027020,LA Originals,2020
924,tt8783532,School Life,2019
925,tt10540242,The Main Event,2020
926,tt8902948,Tigertail,2020
927,tt0938283,The Last Airbender,2010
928,tt5649144,The Florida Project,2017
929,tt9135260,Dark Light,2019
930,tt5715874,The Killing of a Sacred Deer,2017
931,tt6189022,Angel Has Fallen,2019
932,tt9898858,Coffee & Kareem,2020
933,tt12078990,Money Heist: The Phenomenon,2020
934,tt4686844,The Death of Stalin,2017
935,tt0098999,Agneepath,1990
936,tt3802576,Brothers,2015
937,tt2798620,Chhota Bheem and the Curse of Damyaan,2012
938,tt1185420,Dostana,2008
939,tt0301231,Duniya,1984
940,tt0164550,Duplicate,1998
941,tt2275794,Gori Tere Pyaar Mein,2013
942,tt0107060,Gumrah,1993
943,tt3173910,Hasee Toh Phasee,2014
944,tt3678938,Humpty Sharma Ki Dulhania,2014
945,tt0415908,Kaal,2005
946,tt0449999,Kabhi Alvida Naa Kehna,2006
947,tt0347304,Kal Ho Naa Ho,2003
948,tt4900716,Kapoor & Sons,2016
949,tt0172684,Kuch Kuch Hota Hai,1998
950,tt3855406,Mighty Raju Rio Calling,2014
951,tt1017451,The Runaways,2010
952,tt2392447,Ungli,2014
953,tt5085924,Wildling,2018
954,tt2950418,Greater,2016
955,tt5672286,Indian Horse,2017
956,tt11875456,Dragons: Rescue Riders: Hunt for the Golden Dragon,2020
957,tt11953628,Maska,2020
958,tt10307440,The Decline,2020
959,tt10864040,There's Something in the Water,2019
960,tt9261218,Uncorked,2020
961,tt11316824,Happy Old Year,2019
962,tt6774588,Curtiz,2018
963,tt9345754,The Occupant,2020
964,tt6668212,A Life of Speed: The Juan Manuel Fangio Story,2020
965,tt10937434,Ultras,2020
966,tt9465600,3022,2019
967,tt11561866,Masameer - The Movie,2020
968,tt2758904,Search Party,2014
969,tt9176260,Bypass Road,2019
970,tt8116640,Go Karts,2020
971,tt3111426,Lost Girls,2020
972,tt10431500,Miracle in Cell No. 7,2019
973,tt10062614,Guilty,2020
974,tt9358200,Miles Davis: Birth of the Cool,2019
975,tt8629748,Spenser Confidential,2020
976,tt5305246,93 Days,2016
977,tt1403047,Aurora,2010
978,tt0456149,The Death of Mr. Lazarescu,2005
979,tt8781414,Freaks,2018
980,tt1536048,W.E.,2011
981,tt9766280,Bhangra Paa Le,2019
982,tt1290138,Frank & Lola,2016
983,tt0970179,Hugo,2011
984,tt4189494,Ordinary World,2016
985,tt0469494,There Will Be Blood,2007
986,tt9741588,Couple of Days,2016
987,tt4527090,Gbomo Gbomo Express,2015
988,tt5811182,The Arbitration,2016
989,tt3567288,The Visit,2015
990,tt9026184,Girl on the Third Floor,2019
991,tt8535968,System Crasher,2020
992,tt8130904,The Body,2019
993,tt7456312,The Last Thing He Wanted,2020
994,tt10230436,Yeh Ballet,2020
995,tt8076222,Untamed Romania,2018
996,tt3707106,By the Sea,2015
997,tt3387542,The Forest,2016
998,tt9806322,Isi & Ossi,2020
999,tt11802938,The Ghost and the Tout,2018
1000,tt9354842,To All the Boys: P.S. I Still Love You,2020
1001,tt4846232,Good Time,2017
1002,tt10643938,Love for Sale 2,2019
1003,tt5598292,Polaroid,2019
1004,tt6445414,The Coldest Game,2019
1005,tt8630282,Azali,2018
1006,tt11388406,Horse Girl,2020
1007,tt9769714,Jada,2019
1008,tt4400994,The Ballad of Lefty Brown,2017
1009,tt9711106,Dragonheart: Vengeance,2020
1010,tt8310924,"Faith, Hope & Love",2019
1011,tt10468636,Thambi,2019
1012,tt4460854,Chronically Metropolitan,2016
1013,tt5143890,Justice,2017
1014,tt4329242,Love Jacked,2018
1015,tt10813338,Misfit 2,2019
1016,tt11388580,Miss Americana,2020
1017,tt1420554,Kevin Hart: I'm a Grown Little Man,2009
1018,tt6527586,Close Enemies,2018
1019,tt4486148,Shimla Mirchi,2020
1020,tt6333086,Menashe,2017
1021,tt10883506,A Sun,2019
1022,tt4993990,Die Ontwaking,2015
1023,tt10731748,Airplane Mode,2020
1024,tt0331370,Whisky,2004
1025,tt9172840,Motichoor Chaknachoor,2019
1026,tt2132285,The Bling Ring,2013
1027,tt11390036,A Fall from Grace,2020
1028,tt1411704,Hop,2011
1029,tt3569230,Legend,2015
1030,tt2080374,Steve Jobs,2015
1031,tt8659050,Bulbul Can Sing,2018
1032,tt3625516,MindGamers,2017
1033,tt8983180,Made in China,2019
1034,tt1935302,Monsters: Dark Continent,2014
1035,tt6265828,A Ghost Story,2017
1036,tt5474042,Half Girlfriend,2017
1037,tt10230404,Ghost Stories,2020
1038,tt0268397,Jimmy Neutron: Boy Genius,2001
1039,tt0457430,Pan's Labyrinth,2006
1040,tt4642044,Riot,2015
1041,tt1319733,Road Trip: Beer Pong,2009
1042,tt10081210,Aaviri,2019
1043,tt4355838,Albert Pinto Ko Gussa Kyun Aata Hai?,2019
1044,tt10061256,Hot Gimmick: Girl Meets Boy,2019
1045,tt15150348,The Vendor,2018
1046,tt11385066,The App,2019
1047,tt8749922,Grand-Daddy Day Care,2019
1048,tt6560164,Sweetheart,2019
1049,tt10946934,Como caído del cielo,2019
1050,tt3016748,Jacob's Ladder,2019
1051,tt8211214,Back of the Net,2019
1052,tt6338476,Lost in London,2017
1053,tt4387222,Being Mrs Elliot,2014
1054,tt8404614,The Two Popes,2019
1055,tt11248800,Ronny Chieng: Asian Comedian Destroys America!,2019
1056,tt0810819,The Danish Girl,2015
1057,tt3422462,Bangistan,2015
1058,tt0292490,Dil Chahta Hai,2001
1059,tt4110568,Dil Dhadakne Do,2015
1060,tt0798780,Don,2006
1061,tt1285241,Don 2,2011
1062,tt2806788,Fukrey,2013
1063,tt1772872,Game,2011
1064,tt0808306,Honeymoon Travels Pvt. Ltd.,2007
1065,tt6685776,Isoken,2017
1066,tt1373156,Karthik Calling Karthik,2010
1067,tt0323013,Lakshya,2004
1068,tt0886539,Luck by Chance,2009
1069,tt6950250,Potato Potahto,2017
1070,tt1230165,Rock On!!,2008
1071,tt1562872,Zindagi Na Milegi Dobara,2011
1072,tt6334740,A Trip to Jamaica,2016
1073,tt5955112,Okafor's Law,2016
1074,tt10871460,The 9th Precinct,2019
1075,tt8902990,The Sky Is Pink,2019
1076,tt4695012,It Comes at Night,2017
1077,tt6836936,Saaho,2019
1078,tt10738914,Nothing to Lose 2,2019
1079,tt8149090,Banana Island Ghost,2017
1080,tt7653254,Marriage Story,2019
1081,tt10006006,A Christmas Prince: The Royal Baby,2019
1082,tt10326928,A Cinderella Story: Christmas Wish,2019
1083,tt1661820,Cut Bank,2014
1084,tt11156614,Dead Kids,2019
1085,tt5917052,Jindua,2017
1086,tt6115284,Lakeeran,2016
1087,tt8665634,Qismat,2018
1088,tt4373980,Why Me?,2015
1089,tt8304386,The Zoya Factor,2019
1090,tt15150376,Lagos Real Fake Life,2018
1091,tt8960334,Payday,2018
1092,tt6921426,The Accidental Spy,2017
1093,tt8755316,The Island,2018
1094,tt10091530,Holiday Rush,2019
1095,tt1034303,Defiance,2008
1096,tt8230872,The Body Remembers When the World Broke Open,2019
1097,tt1302006,The Irishman,2019
1098,tt7228072,Pranaam,2019
1099,tt4633690,Shot Caller,2017
1100,tt10060094,The Knight Before Christmas,2019
1101,tt10883004,"Bikram: Yogi, Guru, Predator",2019
1102,tt9742362,Mallesham,2019
1103,tt11163008,Iliza Shlesinger: Unveiled,2019
1104,tt3038708,Iron Sky: The Coming Race,2019
1105,tt4209802,Jeff Dunham: All Over the Map,2014
1106,tt3077214,Suffragette,2015
1107,tt2403021,The Green Inferno,2013
1108,tt8178486,Earthquake Bird,2019
1109,tt10577906,El sendero de la anaconda,2019
1110,tt10638296,Guna 369,2019
1111,tt11163028,House Arrest,2019
1112,tt1315981,A Single Man,2009
1113,tt1950235,Let It Snow,2019
1114,tt7511008,Paradise Beach,2019
1115,tt5377564,U Turn,2016
1116,tt7358154,Burning Cane,2019
1117,tt6864046,Shadow,2018
1118,tt5770620,The Lovers,2017
1119,tt10763618,Tune in for Love,2019
1120,tt6843446,Undercover Brother 2,2019
1121,tt3810760,Minimalism: A Documentary About the Important Things,2016
1122,tt9664078,American Son,2019
1123,tt11219046,The House of Flowers Presents: The Funeral,2019
1124,tt7984766,The King,2019
1125,tt9646240,The Man Without Gravity,2019
1126,tt9665400,Mehandi Circus,2019
1127,tt3176134,Consequences,2014
1128,tt8526872,Dolemite Is My Name,2019
1129,tt11052346,It Takes a Lunatic,2019
1130,tt9257484,Rattlesnake,2019
1131,tt9113332,Revenge of the Pontianak,2019
1132,tt11101698,Dancing with the Birds,2019
1133,tt7262882,Master Z: The Ip Man Legacy,2018
1134,tt4158096,Free Fire,2016
1135,tt10499474,10 Days in Sun City,2017
1136,tt5294518,Eli,2019
1137,tt6555772,"Love, Surreal and Odd",2017
1138,tt8988748,Seventeen,2019
1139,tt9742582,Tatu,2017
1140,tt10915286,Tell Me Who I Am,2019
1141,tt5865326,The Laundromat,2019
1142,tt8631800,Up North,2018
1143,tt11066130,Upstarts,2019
1144,tt2752772,Sinister 2,2015
1145,tt7455754,The Game Changers,2018
1146,tt10958282,Street Flow,2019
1147,tt9243946,El Camino: A Breaking Bad Movie,2019
1148,tt4332232,Fractured,2019
1149,tt10410186,The Bling Lagosians,2019
1150,tt10987544,The Forest of Love,2019
1151,tt4008566,The Influence,2019
1152,tt4126476,After,2019
1153,tt5203824,A Plastic Ocean,2016
1154,tt4687108,In the Tall Grass,2019
1155,tt9533342,Kids on the Block,2019
1156,tt6736198,Ready to Mingle,2019
1157,tt7904606,Salam - The First ****** Nobel Laureate,2018
1158,tt8610996,First Kiss,2018
1159,tt0367089,The Squid and the Whale,2005
1160,tt7871636,Deliha 2,2018
1161,tt8110640,In the Shadow of the Moon,2019
1162,tt10682000,Sturgill Simpson Presents Sound & Fury,2019
1163,tt10305616,Malaal,2019
1164,tt1462900,The Grandmaster,2013
1165,tt7832848,Inside Man: Most Wanted,2019
1166,tt10076106,Manmadhudu 2,2019
1167,tt6251390,Under the Eiffel Tower,2018
1168,tt9398640,Between Two Ferns: The Movie,2019
1169,tt8983202,Kabir Singh,2019
1170,tt8836988,Avengement,2019
1171,tt10857582,Los Tigres del Norte at Folsom Prison,2019
1172,tt10924716,The Crystal Calls Making the Dark Crystal: Age of Resistance,2019
1173,tt6628322,Shanghai Fortress,2019
1174,tt9252508,Tall Girl,2019
1175,tt10847306,Bill Burr: Paper Tiger,2019
1176,tt10324144,Article 15,2019
1177,tt5580778,Saawan,2016
1178,tt9378320,Watchman,2019
1179,tt2475154,Elena,2012
1180,tt0426581,Spookley the Square Pumpkin,2004
1181,tt10715194,Back to School,2019
1182,tt9860728,Falling Inn Love,2019
1183,tt9213932,Kardec,2019
1184,tt10856726,Travis Scott: Look Mom I Can Fly,2019
1185,tt6899800,Drink Drank Drunk,2016
1186,tt10346206,Mayday Life,2019
1187,tt9351980,American Factory,2019
1188,tt8976710,Sextuplets,2019
1189,tt9271408,Uyare,2019
1190,tt8268916,90 ML,2019
1191,tt8130968,Badla,2019
1192,tt5066564,Theo Von: No Offense,2016
1193,tt4377918,Crazy Beautiful You,2015
1194,tt5280664,I'm Brent Morin,2015
1195,tt10662450,Enter the Anime,2019
1196,tt7109106,Misfit,2017
1197,tt9382396,Léa & I,2019
1198,tt4180560,Otherhood,2019
1199,tt10121762,Uriyadi 2,2019
1200,tt4995776,The Red Sea Diving Resort,2019
1201,tt8160262,The Son,2019
1202,tt4736550,The Great Hack,2019
1203,tt8426270,D.L. Hughley: Contrarian,2018
1204,tt3173512,The Midas Touch,2013
1205,tt0398373,The Twins Effect II,2004
1206,tt0934949,Twins Mission,2007
1207,tt9419834,Secret Obsession,2019
1208,tt8826936,Mauli,2018
1209,tt6685074,Bogda,2018
1210,tt4397342,Cities of Last Things,2018
1211,tt8613876,Kidnapping Stella,2019
1212,tt2499472,Point Blank,2019
1213,tt7274546,The Milk System,2017
1214,tt4919198,Cristina,2016
1215,tt10438648,Katherine Ryan: Glitter Room,2019
1216,tt9799992,Inhuman Kiss,2019
1217,tt8550208,Romeo Akbar Walter,2019
1218,tt9149838,El testigo,2018
1219,tt10438652,Daniel Sosa: Maleducado,2019
1220,tt1821480,Kahaani,2012
1221,tt10376958,Mike Epps: Only One Mike,2019
1222,tt6643972,Triple Threat,2019
1223,tt7458762,The Wolf's Call,2019
1224,tt8530978,Beats,2019
1225,tt6016744,The Edge of Democracy,2019
1226,tt3813310,Cop Car,2015
1227,tt9204606,Life Overtakes Me,2019
1228,tt9466786,Luckee,2019
1229,tt1618434,Murder Mystery,2019
1230,tt8890582,The 3rd Eye 2,2019
1231,tt9577852,Rolling Thunder Revue: A Bob Dylan Story by Martin Scorsese,2019
1232,tt8846072,Belmonte,2018
1233,tt6704898,Elisa & Marcela,2019
1234,tt6292852,I Am Mother,2019
1235,tt8908002,Luka Chuppi,2019
1236,tt8108202,Stree,2018
1237,tt10289996,The Black Godfather,2019
1238,tt5791986,III Smoking Barrels,2017
1239,tt7200946,"Oh, Ramona!",2019
1240,tt10076722,We Are Legends,2019
1241,tt10243678,Chopsticks,2019
1242,tt9597190,Pegasus,2019
1243,tt7299298,Svaha: The Sixth Finger,2019
1244,tt10136680,After Maria,2019
1245,tt8917752,Joy,2019
1246,tt8179388,Rim of the World,2019
1247,tt10376068,The Lonely Island Presents: The Unauthorized Bash Brothers Experience,2019
1248,tt10243660,A Tale of Two Kitchens,2019
1249,tt5356680,Born in Syria,2016
1250,tt5900870,Dying to Tell,2018
1251,tt7594584,Maria,2019
1252,tt9046576,ReMastered: The Lion's Share,2019
1253,tt8743064,See You Yesterday,2019
1254,tt9032888,Good Sam,2019
1255,tt7527082,Hamid,2018
1256,tt8172466,Backdraft 2,2019
1257,tt7968976,Weed the People,2018
1258,tt6312802,Dry Martina,2018
1259,tt1869721,The Great Magician,2011
1260,tt8169446,Wine Country,2019
1261,tt9056818,Last Breath,2019
1262,tt9150970,Despite Everything,2019
1263,tt2481498,"Extremely Wicked, Shockingly Evil and Vile",2019
1264,tt7957694,The Last Summer,2019
1265,tt8983240,Laatu,2018
1266,tt2302755,Olympus Has Fallen,2013
1267,tt8965432,John & Yoko: Above Us Only Sky,2018
1268,tt7059506,Munafik 2,2018
1269,tt8442644,Money Trap,2019
1270,tt8286926,Njan Prakashan,2018
1271,tt9046574,ReMastered: Devil at the Crossroads,2019
1272,tt8436026,A Fortunate Man,2018
1273,tt3257794,Music Teacher,2019
1274,tt8075260,Someone Great,2019
1275,tt9239888,The Ruthless,2019
1276,tt2639254,A Little Chaos,2014
1277,tt2194499,About Time,2013
1278,tt0303733,Bollywood Calling,2001
1279,tt0461209,Ek Khiladi Ek Haseena,2005
1280,tt8178958,Generation Iron 3,2018
1281,tt0411469,Hazaaron Khwaishein Aisi,2003
1282,tt0347278,Jhankaar Beats,2003
1283,tt0382188,Mumbai Matinee,2003
1284,tt0409527,Shabd,2005
1285,tt8201170,The Perfect Date,2019
1286,tt7315484,The Silence,2019
1287,tt9562694,Alien Warfare,2019
1288,tt8959820,Petta,2019
1289,tt9044128,Suzzanna: Buried Alive,2018
1290,tt8108164,Ek Ladki Ko Dekha Toh Aisa Laga,2019
1291,tt5143450,Jagat,2015
1292,tt6091936,Love O2O,2016
1293,tt8529070,Pinky Memsaab,2018
1294,tt8758086,Mercy Black,2019
1295,tt7497366,The Burial of Kojo,2018
1296,tt9817300,15 August,2019
1297,tt1860242,The Highwaymen,2019
1298,tt1198186,Verses of Love,2008
1299,tt5820544,Sei,2018
1300,tt6908274,Mirage,2018
1301,tt9046568,ReMastered: The Miami Showband Massacre,2019
1302,tt0800325,The Dirt,2019
1303,tt9817308,Antoine Griezmann: The Making of a Legend,2019
1304,tt3828220,The Amazing Praybeyt Benjamin,2014
1305,tt6088634,The Third Party,2016
1306,tt5755796,The Unmarried Wife,2016
1307,tt6271264,Vince and Kath and James,2016
1308,tt10177712,Alexis Viera: A Story of Surviving,2019
1309,tt2933544,5 Flights Up,2014
1310,tt8254556,Girl,2018
1311,tt0806102,Jeff Dunham: Arguing with Myself,2006
1312,tt2058636,Jeff Dunham: Controlled Chaos,2011
1313,tt2461736,Jeff Dunham: Minding the Monsters,2012
1314,tt1295909,Jeff Dunham's Very Special Christmas Special,2008
1315,tt8234502,Late Life: The Chien-Ming Wang Story,2018
1316,tt0990433,A Love Story,2007
1317,tt5755912,Barcelona: A Love Untold,2016
1318,tt3860092,Everything About Her,2016
1319,tt7151438,Finally Found Someone,2017
1320,tt7502214,Seven Sundays,2017
1321,tt1488606,Triple Frontier,2019
1322,tt6155456,Juanita,2019
1323,tt0365545,Nappily Ever After,2018
1324,tt2590214,Sisterakas,2012
1325,tt3528284,Starting Over Again,2014
1326,tt4202506,The Love Affair,2015
1327,tt9815714,The Hard Way,2019
1328,tt4944460,Everyday I Love You,2015
1329,tt2057445,No Other Woman,2011
1330,tt7476946,River's Edge,2018
1331,tt7715202,Sarkar,2018
1332,tt7683350,Weapon of Choice,2018
1333,tt8891536,"2,215",2018
1334,tt8730152,BNK48: Girls Don't Cry,2018
1335,tt7027092,Budapest,2018
1336,tt7533152,The Boy Who Harnessed the Wind,2019
1337,tt7606620,The Last Runway,2018
1338,tt0416236,The Spiderwick Chronicles,2008
1339,tt6485304,Quién te cantará,2018
1340,tt3305316,A Second Chance,2015
1341,tt4842270,Beauty and the Bestie,2015
1342,tt6725484,Can't Help Falling in Love,2017
1343,tt6028796,Evening Shadows,2018
1344,tt3008034,Four Sisters and a Wedding,2013
1345,tt2816740,It Takes a Man and a Woman,2013
1346,tt3772640,She's Dating the Gangster,2014
1347,tt4628812,The Breakup Playlist,2015
1348,tt2389344,The Mistress,2012
1349,tt0804558,Zach Galifianakis: Live at the Purple Onion,2006
1350,tt8852536,Firebrand,2019
1351,tt8041276,Paddleton,2019
1352,tt7920024,Paris Is Us,2019
1353,tt8347882,Shonar Pahar,2018
1354,tt6914542,The Drug King,2018
1355,tt7935784,Transformer,2017
1356,tt7722258,Genius,2018
1357,tt2261331,Black Sea,2015
1358,tt5773986,Studio 54,2018
1359,tt7797658,Awe,2018
1360,tt8132700,Behind the Curve,2018
1361,tt1179259,Buddies,2012
1362,tt8484586,Neevevaro,2018
1363,tt0480572,Pyaar Ke Side Effects,2006
1364,tt6728096,The Breaker Upperers,2018
1365,tt1132606,Ugly Aur Pagli,2008
1366,tt6502956,Yucatán,2018
1367,tt6939026,Period. End of Sentence.,2018
1368,tt8128188,High Flying Bird,2019
1369,tt9046564,ReMastered: The Two Killings of Sam Cooke,2019
1370,tt6433832,The Tree of Blood,2018
1371,tt7475710,Manusangada,2017
1372,tt5626716,14 Minutes from Earth,2016
1373,tt8443704,Dear Ex,2018
1374,tt7043012,Velvet Buzzsaw,2019
1375,tt8757960,Hantu Kak Limah,2018
1376,tt1636842,Virsa,2010
1377,tt8865580,High Society,2018
1378,tt7980006,Alt-Right: Age of Rage,2018
1379,tt2589132,Habibie & Ainun,2012
1380,tt9084890,Nathicharami,2018
1381,tt5874502,Rudy Habibie,2016
1382,tt5104080,Surga Yang Tak Dirindukan,2015
1383,tt5946936,Surga Yang Tak Dirindukan 2,2017
1384,tt8443480,Goyo: The Boy General,2018
1385,tt4139588,Polar,2019
1386,tt5316540,Close,2019
1387,tt6078866,Soni,2018
1388,tt3444312,Abducted in Plain Sight,2017
1389,tt7087944,Pandigai,2017
1390,tt7329858,Pari,2018
1391,tt9426186,Revenger,2018
1392,tt6011480,The Doll,2016
1393,tt6409782,The Doll 2,2017
1394,tt6514196,Baazaar,2018
1395,tt7736536,All of You,2017
1396,tt9046562,ReMastered: Massacre at the Stadium,2019
1397,tt6699860,Solo,2018
1398,tt8506874,Komola Rocket,2018
1399,tt0217680,Nang Nak,1999
1400,tt6776106,And Breathe Normally,2018
1401,tt9062342,El Potro: Unstoppable,2018
1402,tt7707314,Lionheart,2018
1403,tt4328934,Taramani,2017
1404,tt6069058,Sam Kinison: The Scream Continues,2016
1405,tt8587122,Secrets in the Hot Spring,2018
1406,tt9495224,Black Mirror: Bandersnatch,2018
1407,tt2327389,Life Ki Toh Lag Gayi,2012
1408,tt3732280,When Angels Sleep,2018
1409,tt6708116,Bad Seeds,2018
1410,tt2737304,Bird Box,2018
1411,tt9316022,Struggle: The Life and Lost Art of Szukalski,2018
1412,tt2100376,23:59,2011
1413,tt3262084,Imperfect,2012
1414,tt8108198,Andhadhun,2018
1415,tt1216491,Kill the Messenger,2014
1416,tt2172584,Maps to the Stars,2014
1417,tt8716334,Springsteen on Broadway,2018
1418,tt2980516,The Theory of Everything,2014
1419,tt6146590,F.R.E.D.I.,2018
1420,tt6608138,Kita Kita,2017
1421,tt6997426,Sad Hill Unearthed,2017
1422,tt7933564,Vanjagar Ulagam,2018
1423,tt9283302,"Out of Many, One",2018
1424,tt9315848,Vir Das: Losing It,2018
1425,tt4878482,Dumplin',2018
1426,tt9046560,ReMastered: Who Killed Jam Master Jay?,2018
1427,tt8106160,The American Meme,2018
1428,tt8043306,Teefa in Trouble,2018
1429,tt1934335,A Beautiful Life,2011
1430,tt1202514,Accident,2009
1431,tt6854672,Battle,2018
1432,tt2332707,Blind Detective,2013
1433,tt3898860,Break Up 100,2014
1434,tt3542028,Chal Bhaag,2014
1435,tt1776143,Don't Go Breaking My Heart,2011
1436,tt3121474,Don't Go Breaking My Heart 2,2014
1437,tt4984868,Faraar,2015
1438,tt3614922,Helios,2015
1439,tt5896962,Line Walker,2016
1440,tt1312156,Look for a Star,2009
1441,tt1611840,Once a Gangster,2010
1442,tt6734886,Power Paandi,2017
1443,tt3044248,SDU: Sex Duties Unit,2013
1444,tt1307008,Set Off,2008
1445,tt8709036,A Christmas Prince: The Royal Wedding,2018
1446,tt6719840,El club de los insomnes,2018
1447,tt6752992,Happy as Lazzaro,2018
1448,tt6923462,Manto,2018
1449,tt6747420,Rajma Chawal,2018
1450,tt6892462,The World Is Yours,2018
1451,tt6444140,Time Share,2018
1452,tt2990140,The Christmas Chronicles,2018
1453,tt6708044,The Tribe,2018
1454,tt8861786,Puppy Star Christmas,2018
1455,tt7981492,Sabrina,2018
1456,tt8512320,Target,2018
1457,tt1059955,The Pixar Story,2007
1458,tt8361028,Cam,2018
1459,tt7489816,Nothing to Hide,2018
1460,tt6412452,The Ballad of Buster Scruggs,2018
1461,tt8954732,The Princess Switch,2018
1462,tt8066304,Aalorukkam,2018
1463,tt7074092,Christmas Wedding Planner,2017
1464,tt8136908,Halkaa,2018
1465,tt8765496,May the Devil Take You,2018
1466,tt8731842,Odu Raja Odu,2018
1467,tt5938084,BuyBust,2018
1468,tt5075584,Lommbock,2017
1469,tt6679794,Outlaw King,2018
1470,tt7886846,Bucket List,2018
1471,tt9777830,John Leguizamo's Latin History for Morons,2018
1472,tt8583378,Ana e Vitória,2018
1473,tt9046556,ReMastered: Tricky Dick & The Man in Black,2018
1474,tt8262802,The Holiday Calendar,2018
1475,tt0069049,The Other Side of the Wind,2018
1476,tt1479667,Aagey Se Right,2009
1477,tt1241195,Aamir,2008
1478,tt2321163,ABCD: Any Body Can Dance,2013
1479,tt2082197,Barfi!,2012
1480,tt1392744,Chance Pe Dance,2010
1481,tt0464160,Chup Chup Ke,2006
1482,tt1120897,Dhan Dhana Dhan Goal,2007
1483,tt1714832,Do Dooni Chaar,2010
1484,tt7149916,Edge of Fear,2018
1485,tt2246724,Ghanchakkar,2013
1486,tt2345561,Grandmaster,2012
1487,tt0979891,Hattrick,2007
1488,tt1949548,Heroine,2012
1489,tt2344678,Himmatwala,2013
1490,tt2407826,Husbands in Goa,2012
1491,tt2213054,Kai Po Che!,2013
1492,tt2262126,Kalakalappu,2012
1493,tt4467262,Katti Batti,2015
1494,tt1266583,Mumbai Meri Jaan,2008
1495,tt3449788,Mundeyan Ton Bachke Rahin,2014
1496,tt1734110,No One Killed Jessica,2011
1497,tt1292703,Oye Lucky! Lucky Oye!,2008
1498,tt1620933,Paan Singh Tomar,2010
1499,tt3483712,Raja Natwarlal,2014
1500,tt2677816,Settai,2013
1501,tt3949626,Sigaram Thodu,2014
1502,tt6151222,The Untold Tales of Armistead Maupin,2017
1503,tt4996954,Vaya,2016
1504,tt1221139,Welcome to Sajjanpur,2008
1505,tt1605790,Zokkomon,2011
1506,tt7104984,Gun City,2018
1507,tt4944352,Heneral Luna,2015
1508,tt0482930,Dragon Tiger Gate,2006
1509,tt1682886,Been So Long,2018
1510,tt7763020,Dovlatov,2018
1511,tt7527538,Jefe,2018
1512,tt7472352,Shirkers,2018
1513,tt8190748,W/O Ram,2018
1514,tt7217214,Ronnie Coleman: The King,2018
1515,tt8435268,How to Get Over a Breakup,2018
1516,tt3967878,Illang: The Wolf Brigade,2018
1517,tt5998744,S Storm,2016
1518,tt6116856,The Night Comes for Us,2018
1519,tt7486356,Mr. Chandramouli,2018
1520,tt6452574,Sanju,2018
1521,tt7690638,Soorma,2018
1522,tt6217306,Apostle,2018
1523,tt5419676,Feminists: What Were They Thinking?,2018
1524,tt8512746,Kuntilanak,2018
1525,tt9046548,ReMastered: Who Shot the Sheriff,2018
1526,tt6952960,The Kindergarten Teacher,2018
1527,tt7280898,22 July,2018
1528,tt9060526,Mo Amer: The Vagabond,2018
1529,tt8595708,Pulang,2018
1530,tt4269118,Seven in Heaven,2018
1531,tt2386237,Malevolent,2018
1532,tt5536610,Private Life,2018
1533,tt3962984,The Black Prince,2017
1534,tt19880958,Monty Python Conquers America,2008
1535,tt4256544,Monty Python: The Meaning of Live,2014
1536,tt5743858,25 Kille,2016
1537,tt5814408,A Witches' Ball,2017
1538,tt1415252,Agyaat,2009
1539,tt3563156,Anjaan,2014
1540,tt1327035,Dev.D,2009
1541,tt3723864,Dil Vil Pyaar Vyaar,2014
1542,tt6268302,Dushman,2017
1543,tt1703958,Ek Main Aur Ekk Tu,2012
1544,tt3211048,Haani,2013
1545,tt1524539,Harishchandrachi Factory,2009
1546,tt3732110,Jatt James Bond,2014
1547,tt0449994,Jodhaa Akbar,2008
1548,tt4678200,Judge Singh LLB,2015
1549,tt1274295,Kaminey,2009
1550,tt7177642,Khido Khundi,2018
1551,tt1372266,Kisaan,2009
1552,tt1105733,Kismat Konnection,2008
1553,tt1185442,Kurbaan,2009
1554,tt2186933,Luv Shuv Tey Chicken Khurana,2012
1555,tt0485513,"Main, Meri Patni Aur Woh",2005
1556,tt6705612,Manje Bistre,2017
1557,tt2367996,Mugamoodi,2012
1558,tt2053397,Muran,2011
1559,tt1512220,My Friend Pinto,2011
1560,tt3569788,Naan Sigappu Manithan,2014
1561,tt3044882,Nasha,2013
1562,tt2984648,Naughty Jatts,2013
1563,tt5026484,Needhi Singh,2016
1564,tt3469244,Phantom,2015
1565,tt3794302,Pizza,2014
1566,tt1017456,Race,2008
1567,tt1375789,Race 2,2013
1568,tt7585674,Sat Shri Akaal England,2017
1569,tt2271641,Thaandavam,2012
1570,tt5856064,Tiger,2016
1571,tt1639426,Udaan,2010
1572,tt1956697,Vettai,2012
1573,tt1324059,Wake Up Sid,2009
1574,tt1428459,We Are Family,2010
1575,tt1430615,Big Miracle,2012
1576,tt8513302,Paradise Lost,2018
1577,tt7946836,Animal World,2018
1578,tt5057140,Hold the Dark,2018
1579,tt7476418,Lessons from a School Shooting: Notes from Dunblane,2018
1580,tt5164184,In Darkness,2018
1581,tt7440432,Quincy,2018
1582,tt5968274,The Angel,2018
1583,tt6485928,The Land of Steady Habits,2018
1584,tt8948614,Reversing Roe,2018
1585,tt7121252,On My Skin,2018
1586,tt4610378,The Resistance Banker,2018
1587,tt7133686,Next Gen,2018
